<!DOCTYPE ui:UiBinder SYSTEM "http://dl.google.com/gwt/DTD/xhtml.ent">
<ui:UiBinder xmlns:ui="urn:ui:com.google.gwt.uibinder"
	xmlns:g="urn:import:com.google.gwt.user.client.ui" xmlns:p1="urn:import:com.google.gwt.user.datepicker.client">
	<ui:style>
		.important {
			font-weight: bold;
		}
	</ui:style>
	<g:HTMLPanel>
		<g:HTMLPanel width="402px">
			<g:AbsolutePanel height="371px" width="401px">
			<g:at left="43" top="83">
				<g:Label text="Location" width="99px" height="18px" horizontalAlignment="ALIGN_RIGHT"></g:Label>
			</g:at>
			<g:at left="148" top="187">
				<g:Button  text="Search" ui:field="button" width="67px" height="30px"/>
			</g:at>
			<g:at left="43" top="119">
				<g:Label width="99px" height="18px" horizontalAlignment="ALIGN_RIGHT" text="Date"/>
			</g:at>
			<g:at left="43" top="155">
				<g:Label width="99px" height="18px" horizontalAlignment="ALIGN_RIGHT" text="Time"/>
			</g:at>
			<g:at left="145" top="109">
				<p1:DateBox ui:field="dateTxt"/>
			</g:at>
			<g:at left="148" top="155">
				<g:ListBox width="67px" height="22px" name="timeCmbBox" ui:field="timeCombo"/>
			</g:at>
			<g:at left="148" top="75">
				<g:ListBox width="118px" height="22px" ui:field="locationCombo"/>
			</g:at>
			<g:at left="160" top="248">
				<g:Label width="214px" height="18px" ui:field="temperatureLbl" text="N/A"/>
			</g:at>
			<g:at left="160" top="283">
				<g:Label width="214px" height="18px" ui:field="humidityLbl" text="N/A"/>
			</g:at>
			<g:at left="0" top="248">
				<g:Label width="142px" height="18px" horizontalAlignment="ALIGN_RIGHT" text="Temperature"/>
			</g:at>
			<g:at left="0" top="283">
				<g:Label width="142px" height="18px" horizontalAlignment="ALIGN_RIGHT" text="Relative Humidity"/>
			</g:at>
		</g:AbsolutePanel>
		</g:HTMLPanel>

	</g:HTMLPanel>
</ui:UiBinder> 